title,company_name,location_str,salary_display,min_amount,max_amount,interval,currency,apply_method,date_posted,job_url,job_url_direct,site,search_keyword,search_group,is_remote,company_industry,job_type
Pension Plan Administrator,,"Burnaby, BC, CA",N/A,,,,,Apply on Company Site,2026-04-22,https://ca.indeed.com/viewjob?jk=6d265d910cc8a8a9,http://ca.indeed.com/job/pension-plan-administrator-6d265d910cc8a8a9,indeed,Investment Analyst,finance_analyst,True,,fulltime
"Analyst I, Investor Services",,"Vancouver, BC, CA",N/A,,,,,Apply on Company Site,2026-04-22,https://ca.indeed.com/viewjob?jk=905ff83822ddfe92,https://ats.rippling.com/nestogroup/jobs/3929e28f-4df6-4b21-86b4-67c9e24fa486?jobSite=Indeed,indeed,Investment Analyst,finance_analyst,False,,fulltime
"Analyst I, Investor Services",,"Vancouver, BC, CA",N/A,,,,,Apply on Company Site,2026-04-22,https://ca.indeed.com/viewjob?jk=a816fc9d34deaa21,https://ats.rippling.com/cmls/jobs/3627fe69-078f-4eea-8d73-9cb00611cb2c?jobSite=Indeed,indeed,Investment Analyst,finance_analyst,False,,fulltime
"Product Growth Intern with focus on Online Growth, Content & AI-ready (Summer 2026)",,"Vancouver, BC, CA",N/A,,,,,Apply on Company Site,2026-04-22,https://ca.indeed.com/viewjob?jk=94838fd8abcd2177,http://ca.indeed.com/job/product-growth-intern-focus-online-growth-content-ai-ready-summer-2026-94838fd8abcd2177,indeed,Machine Learning Engineer,data_science,True,,
Account Manager II (BCGEU) - Burnaby Heights (12-Month Contract),,"Burnaby, BC, CA",N/A,,,,,Apply on Company Site,2026-04-22,https://ca.indeed.com/viewjob?jk=afbe75957a55fd0b,https://recruiting.ultipro.com/VAN5000VCSCU/JobBoard/a46cbdaa-ca2c-49b6-8d2b-e0ceaafa0e25/OpportunityDetail?opportunityId=f08c3bac-6d63-4bef-8173-9c116862ae02&postingId=73586e4e-7521-46e9-a1b0-0b8999f0818a,indeed,Investment Management,credentials,False,,
"Senior Associate, Social Impact",,"Vancouver, BC, CA",N/A,,,,,Apply on Company Site,2026-04-22,https://ca.indeed.com/viewjob?jk=a48455b3c2478450,http://ca.indeed.com/job/senior-associate-social-impact-a48455b3c2478450,indeed,Investment Management,credentials,True,,fulltime
"Senior Accountant, Fund Management",,"Vancouver, BC, CA",N/A,,,,,Apply on Company Site,2026-04-22,https://ca.indeed.com/viewjob?jk=cb7cd192b4fe58d1,https://ats.rippling.com/nestogroup/jobs/0a0e8175-c892-445b-ad76-071f36334350?jobSite=Indeed,indeed,Investment Management,credentials,False,,fulltime
"Senior Accountant, Fund Management",,"Vancouver, BC, CA",N/A,,,,,Apply on Company Site,2026-04-22,https://ca.indeed.com/viewjob?jk=5db3f267ee5158db,https://ats.rippling.com/cmls/jobs/cfb40c79-369a-4dbd-9167-1c25a9bc39ef?jobSite=Indeed,indeed,Investment Management,credentials,False,,fulltime
Account Manager II - Commercial Drive,,"Vancouver, BC, CA",N/A,,,,,Apply on Company Site,2026-04-22,https://ca.indeed.com/viewjob?jk=08fa50102ae66bbc,https://recruiting.ultipro.com/VAN5000VCSCU/JobBoard/a46cbdaa-ca2c-49b6-8d2b-e0ceaafa0e25/OpportunityDetail?opportunityId=f4bb69a7-d758-4584-85dc-1a89a05d8025&postingId=2cf4adce-3518-4063-a5e1-407d2d7bd844,indeed,Investment Management,credentials,False,,
Licensed Property Manager - Residential,,"Vancouver, BC, CA",N/A,,,,,Apply on Company Site,2026-04-22,https://ca.indeed.com/viewjob?jk=7f48e1c364634552,http://ca.indeed.com/job/licensed-property-manager-residential-7f48e1c364634552,indeed,Portfolio Manager,trading_investment,False,Real Estate,
Building Manager,,"Vancouver, BC, CA",N/A,,,,,Apply on Company Site,2026-04-22,https://ca.indeed.com/viewjob?jk=4bf6e5041767bc2d,http://ca.indeed.com/job/building-manager-4bf6e5041767bc2d,indeed,Portfolio Manager,trading_investment,False,Banks And Financial Services,fulltime
Trade Spend & Deductions Analyst,,"Richmond, BC, CA",N/A,,,,,Apply on Company Site,2026-04-21,https://ca.indeed.com/viewjob?jk=bbd0959d25db0697,https://recruiting.ultipro.ca/NAT5000NATUR/JobBoard/f32a4823-7a4a-4dae-bbf4-126440439ae1/OpportunityDetail?opportunityId=6f76dda2-89b3-43d8-a073-c4d2ece91748&postingId=0a4d1bdc-84af-4558-ac4c-dd6953e4b959,indeed,Financial Analyst,finance_analyst,False,,
Fixed Income Analyst,,"Vancouver, BC, CA",N/A,,,,,Apply on Company Site,2026-04-21,https://ca.indeed.com/viewjob?jk=493e2abe079373a6,https://jsv3.recruitics.com/redirect?rx_cid=3618&rx_jobId=R-0000168267&rx_url=https%3A%2F%2Fjobs.rbc.com%2Fca%2Fen%2Fjob%2FR-0000168267%3Frx_a%3D0%26rx_c%3D%26rx_ch%3Djobp4p%26rx_group%3D300081%26rx_id%3Dbe9cea8f-3d3d-11f1-b568-850d604ff8d5%26rx_job%3DR-0000168267%26rx_medium%3Dcpc%26rx_r%3Dnone%26rx_source%3Dindeed%26rx_ts%3D20260422T000405Z%26rx_vp%3Dcpc%26source%3DAPPLICANT_SOURCE_INDEEDORGANIC%26utm_medium%3Dcpc%26utm_source%3Dindeedorganic,indeed,CFA Analyst,finance_analyst,False,,fulltime
Operations Data Analyst,,"Burnaby, BC, CA",N/A,,,,,Apply on Company Site,2026-04-21,https://ca.indeed.com/viewjob?jk=9d570666d3695335,https://careers.metrovancouver.org/psc/CAREERS/EMPLOYEE/HRMS/c/HRS_HRAM_FL.HRS_CG_SEARCH_FL.GBL?Page=HRS_APP_JBPST_FL&Action=U&Focus=Applicant&JobOpeningId=25529&SiteId=1&PostingSeq=1,indeed,Data Scientist,data_science,True,Government,fulltime
Software Development Engineer II - AI Platform,,"Burnaby, BC, CA",N/A,,,,,Apply on Company Site,2026-04-21,https://ca.indeed.com/viewjob?jk=8b39b0d162e78484,https://Remitly.contacthr.com/151841335,indeed,Data Scientist,data_science,False,,fulltime
"Co-op Student, Audit and Analytics",,"Richmond, BC, CA",N/A,,,,,Apply on Company Site,2026-04-21,https://ca.indeed.com/viewjob?jk=b2eaaa8675757378,https://careers.worksafebc.com/?_4x1F8B08000000000000FF6D8FBD0EC2201446DF86D1702FD0DA8141A5319D0D33A9050DB502A16DA26FEF4FEC64F773BE9C2FC5D4584949CCD66509A46B87C1E579F65682408012B6D454A264DB8A19A6391A0A585032DEDCF3E8827A863F0E0C68B160314F52D5A703599D2C8CD0C07F6CCAB173E3D84CEE2ED3DB6B874D1FCF298E930FD74D0F48498EAD0DF3FDFC495DA95BE27CF093D68D5ABFB0A43D3A192F1797BDFDBE91A5428625EEA17E6B8C435121AFA8DAF31D455A8BFA0528B63D422B010000&offerid=5023,indeed,Data Scientist,data_science,True,,"temporary, fulltime"
Guest Services Representative,,"Vancouver, BC, CA",N/A,,,,,Apply on Company Site,2026-04-21,https://ca.indeed.com/viewjob?jk=0ec3e4273aef1f64,https://quadreal.wd10.myworkdayjobs.com/en-US/QuadReal/job/Vancouver/Guest-Services-Representative_R0006614,indeed,Machine Learning Engineer,data_science,False,,fulltime
Senior Software Engineer,,"Vancouver, BC, CA",N/A,,,,,Apply on Company Site,2026-04-21,https://ca.indeed.com/viewjob?jk=ba438fa85ca9fba7,https://jobs.ea.com/en_US/careers/JobDetail/Sr-Software-Engineer/213715,indeed,Machine Learning Engineer,data_science,True,Internet And Software,fulltime
Software Engineer III - UGX (temporary),,"Vancouver, BC, CA",N/A,,,,,Apply on Company Site,2026-04-21,https://ca.indeed.com/viewjob?jk=ed780eb6055463b3,https://jobs.ea.com/en_US/careers/JobDetail/Software-Engineer-III-UGX/213685,indeed,Machine Learning Engineer,data_science,True,Internet And Software,temporary
Software Developer in Test,,"Vancouver, BC, CA",N/A,,,,,Apply on Company Site,2026-04-21,https://ca.indeed.com/viewjob?jk=5ef0c805058a0751,https://careers.thalesgroup.com/global/en/job/TGPTGWGLOBALR0324515EXTERNALENGLOBAL/Software-Developer-in-Test?utm_source=indeed&utm_medium=phenom-feeds,indeed,Machine Learning Engineer,data_science,False,,fulltime
"Technical Program Manager, Credit & Fraud AI Solutions",,"Vancouver, BC, CA",N/A,,,,,Apply on Company Site,2026-04-21,https://ca.indeed.com/viewjob?jk=5e7a9192af7b3ee7,https://jsv3.recruitics.com/redirect?rx_cid=3618&rx_jobId=R-0000168494&rx_url=https%3A%2F%2Fjobs.rbc.com%2Fca%2Fen%2Fjob%2FR-0000168494%3Frx_a%3D0%26rx_c%3D%26rx_ch%3Djobp4p%26rx_group%3D300081%26rx_id%3Dfa1413c7-3d9f-11f1-91d7-cd73cf853e63%26rx_job%3DR-0000168494%26rx_medium%3Dcpc%26rx_r%3Dnone%26rx_source%3Dindeed%26rx_ts%3D20260422T000405Z%26rx_vp%3Dcpc%26source%3DAPPLICANT_SOURCE_INDEEDORGANIC%26utm_medium%3Dcpc%26utm_source%3Dindeedorganic,indeed,Machine Learning Engineer,data_science,False,,fulltime
"Senior Manager, Integration & Engineering Lead",,"Vancouver, BC, CA",N/A,,,,,Apply on Company Site,2026-04-21,https://ca.indeed.com/viewjob?jk=c717d58525d9e3fa,https://jsv3.recruitics.com/redirect?rx_cid=3618&rx_jobId=R-0000166811_1001&rx_url=https%3A%2F%2Fjobs.rbc.com%2Fca%2Fen%2Fjob%2FR-0000166811%3Frx_a%3D0%26rx_c%3D%26rx_ch%3Djobp4p%26rx_group%3D300081%26rx_id%3Df8b2d579-3d9f-11f1-91d7-f9972cc7c043%26rx_job%3DR-0000166811_1001%26rx_medium%3Dcpc%26rx_r%3Dnone%26rx_source%3Dindeed%26rx_ts%3D20260422T000405Z%26rx_vp%3Dcpc%26source%3DAPPLICANT_SOURCE_INDEEDORGANIC%26utm_medium%3Dcpc%26utm_source%3Dindeedorganic,indeed,Machine Learning Engineer,data_science,False,,fulltime
Solutions Consultant (Pre Sales) | Copperleaf | Canada,,"Vancouver, BC, CA",N/A,,,,,Apply on Company Site,2026-04-21,https://ca.indeed.com/viewjob?jk=ea95b5e191a4734d,https://jobs.smartrecruiters.com/IFS1/744000122030338-solutions-consultant-pre-sales-copperleaf-canada,indeed,Machine Learning Engineer,data_science,True,,fulltime
Solutions Consultant (Pre Sales) | Copperleaf | Canada,,"Vancouver, BC, CA",N/A,,,,,Apply on Company Site,2026-04-21,https://ca.indeed.com/viewjob?jk=8dc7e0fa269ed97e,https://jobs.smartrecruiters.com/IFS1/744000122030338-solutions-consultant-pre-sales-copperleaf-canada,indeed,Machine Learning Engineer,data_science,True,Internet And Software,fulltime
"Senior Manager, Salesforce Solution Architect",,"Vancouver, BC, CA",N/A,,,,,Apply on Company Site,2026-04-21,https://ca.indeed.com/viewjob?jk=6156e1411f736cd1,https://jobs-ca.pwc.com/ca/en/job/PWCACA708717WDEXTERNALENCA/Senior-Manager-Salesforce-Solution-Architect?utm_source=indeed&utm_medium=phenom-feeds,indeed,Machine Learning Engineer,data_science,False,,fulltime
Technical Team Lead,,"Vancouver, BC, CA",N/A,,,,,Apply on Company Site,2026-04-21,https://ca.indeed.com/viewjob?jk=63bd4eb4b7003986,http://ca.indeed.com/job/technical-team-lead-63bd4eb4b7003986,indeed,Machine Learning Engineer,data_science,True,Banks And Financial Services,fulltime
Head of Growth and Performance Marketing (426),,"Richmond, BC, CA",N/A,,,,,Apply on Company Site,2026-04-21,https://ca.indeed.com/viewjob?jk=a727fc8855d73864,https://jobs.lever.co/trailappliances/ba3a2c2c-ca83-48db-b756-3223087e32ce?lever-source=Indeed,indeed,Machine Learning Engineer,data_science,False,Retail,
"Technical Solutions Manager, Americas",,"Vancouver, BC, CA",N/A,,,,,Apply on Company Site,2026-04-21,https://ca.indeed.com/viewjob?jk=7a40b1f9e776287b,https://earthdaily.applytojob.com/apply/ViA1ulUR5I/Technical-Solutions-Manager-Americas?source=INDE&~,indeed,Machine Learning Engineer,data_science,True,,fulltime
"Sr. Algorithm Engineer, AI",,"Vancouver, BC, CA",N/A,,,,,Apply on Company Site,2026-04-21,https://ca.indeed.com/viewjob?jk=4b46260963d6a97a,https://comm100.humi.ca/job-board/rd/46980?source=Indeed,indeed,Machine Learning Engineer,data_science,False,,
"Algorithm Engineer, AI",,"Vancouver, BC, CA",N/A,,,,,Apply on Company Site,2026-04-21,https://ca.indeed.com/viewjob?jk=ea52ff332eaee67e,https://comm100.humi.ca/job-board/rd/46979?source=Indeed,indeed,Machine Learning Engineer,data_science,False,,
"Architect, Business Development",,"Vancouver, BC, CA",N/A,,,,,Apply on Company Site,2026-04-21,https://ca.indeed.com/viewjob?jk=53521bb0523bccc8,https://ats.rippling.com/structurecraft/jobs/55baf224-f252-4976-bc85-21f2e5f5b136?jobSite=Indeed,indeed,Machine Learning Engineer,data_science,True,,fulltime
Customer Success Associate,,"Vancouver, BC, CA",N/A,,,,,Apply on Company Site,2026-04-21,https://ca.indeed.com/viewjob?jk=a26d34f5d0ba794b,https://apply.workable.com/j/D7604AFE35,indeed,Machine Learning Engineer,data_science,False,,fulltime
Research Scientist,,"Vancouver, BC, CA",N/A,,,,,Apply on Company Site,2026-04-21,https://ca.indeed.com/viewjob?jk=ac0dee6987428b3b,https://workforcenow.adp.com/mascsr/default/mdf/recruitment/recruitment.html?cid=0fad767f-f389-40ea-b2d1-d8df05098476&ccId=19000101_000001&jobId=589005&source=IN&lang=en_US,indeed,Research Scientist,data_science,False,,fulltime
Forest/Landscape Ecologist / Écologiste des forêts et du paysage,,"Vancouver, BC, CA",N/A,,,,,Apply on Company Site,2026-04-21,https://ca.indeed.com/viewjob?jk=1b8ea264f209d235,https://jobs.smartrecruiters.com/DavidSuzukiFoundation/744000121881773-forest-landscape-ecologist-ecologiste-des-forets-et-du-paysage,indeed,Research Scientist,data_science,True,,fulltime
Research Engineer,,"Vancouver, BC, CA",N/A,,,,,Apply on Company Site,2026-04-21,https://ca.indeed.com/viewjob?jk=0f007e571bddb524,https://ubc.wd10.myworkdayjobs.com/en-US/ubcstaffjobs/job/UBC-Vancouver-Campus---Vancouver-BC-Canada/Research-Engineer_JR24230,indeed,PhD Research,credentials,False,Education And Schools,fulltime
Director (Scientific Research and Experimental Development) Public Accounting,,"Vancouver, BC, CA",N/A,,,,,Apply on Company Site,2026-04-21,https://ca.indeed.com/viewjob?jk=20901f347a546e7a,https://careerspage.io/rinvio-recruitment/director-scientific-research-and-experimental-development-public-accounting-77499?src=17,indeed,Investment Management,credentials,False,,fulltime
ADVISOR – MARKETING EVENT,,"Vancouver, BC, CA",N/A,,,,,Apply on Company Site,2026-04-21,https://ca.indeed.com/viewjob?jk=497e64428c4522f8,https://bdc.wd10.myworkdayjobs.com/en-US/BDC_Careers/job/Vancouver/ADVISOR---MARKETING-EVENT_R-7662,indeed,Investment Management,credentials,False,,fulltime
Customer Experience Associate,,"Vancouver, BC, CA",N/A,,,,,Apply on Company Site,2026-04-21,https://ca.indeed.com/viewjob?jk=7936f7dbe5466a57,https://td.wd3.myworkdayjobs.com/en-US/TD_Bank_Careers/job/Vancouver-British-Columbia/Customer-Experience-Associate_R_1485215,indeed,Investment Management,credentials,False,,parttime
Customer Experience Associate,,"Burnaby, BC, CA",N/A,,,,,Apply on Company Site,2026-04-21,https://ca.indeed.com/viewjob?jk=315a50decd290ba2,https://td.wd3.myworkdayjobs.com/en-US/TD_Bank_Careers/job/Burnaby-British-Columbia/Customer-Experience-Associate_R_1484678,indeed,Investment Management,credentials,False,,parttime
Customer Experience Associate - Mandarin and/or Cantonese Language Skills an Asset.,,"Vancouver, BC, CA",N/A,,,,,Apply on Company Site,2026-04-21,https://ca.indeed.com/viewjob?jk=e02d20db7d61c23e,https://td.wd3.myworkdayjobs.com/en-US/TD_Bank_Careers/job/Vancouver-British-Columbia/Customer-Experience-Associate---Mandarin-and-or-Cantonese-Language-Skills-an-Asset_R_1485271-1,indeed,Investment Management,credentials,False,,parttime
Financial Services Associate,,"Vancouver, BC, CA",N/A,,,,,Apply on Company Site,2026-04-21,https://ca.indeed.com/viewjob?jk=765a79d73b8f405d,https://cibc.wd3.myworkdayjobs.com/en-US/search/job/Vancouver-BC/Financial-Services-Associate_2608868,indeed,Investment Management,credentials,False,,fulltime
"Senior Property Manager, Commercial Property Management (Burnaby, BC)",,"Vancouver, BC, CA",N/A,,,,,Apply on Company Site,2026-04-21,https://ca.indeed.com/viewjob?jk=ae25a55f5e04848d,https://anthemproperties.bamboohr.com/careers/448?source=indeed&src=indeed&postedDate=2026-04-21,indeed,Investment Management,credentials,False,Real Estate,fulltime
Registered Plans Associate - 12 Month Contract,,"Vancouver, BC, CA",N/A,,,,,Apply on Company Site,2026-04-21,https://ca.indeed.com/viewjob?jk=9e0605575b667ab8,https://raymondjames.taleo.net/careersection/1_ca/jobdetail.ftl?job=2600306&tz=GMT-05%3A00&tzname=America%2FChicago,indeed,Investment Management,credentials,False,Banks And Financial Services,"temporary, fulltime"
"Manager, Raymond James Canada Foundation (RJCF)",,"Vancouver, BC, CA",N/A,,,,,Apply on Company Site,2026-04-21,https://ca.indeed.com/viewjob?jk=e592ad97b5e3e030,https://raymondjames.taleo.net/careersection/1_ca/jobdetail.ftl?job=2600282&tz=GMT-05%3A00&tzname=America%2FChicago,indeed,Investment Management,credentials,True,Banks And Financial Services,fulltime
Director of Sales,,"Vancouver, BC, CA",N/A,,,,,Apply on Company Site,2026-04-21,https://ca.indeed.com/viewjob?jk=ef9c2e80448699d0,https://workforcenow.adp.com/mascsr/default/mdf/recruitment/recruitment.html?cid=e833b55f-b247-451e-a5f4-91782d76485c&ccId=19000101_000001&jobId=997001&source=IN&lang=en_CA,indeed,Investment Management,credentials,False,Restaurants Travel And Leisure,fulltime
Estate Planning Associate,,"Vancouver, BC, CA",N/A,,,,,Apply on Company Site,2026-04-21,https://ca.indeed.com/viewjob?jk=876e9ed193c0728b,https://jsv3.recruitics.com/redirect?rx_cid=3618&rx_jobId=R-0000166052&rx_url=https%3A%2F%2Fjobs.rbc.com%2Fca%2Fen%2Fjob%2FR-0000166052%3Frx_a%3D0%26rx_c%3D%26rx_ch%3Djobp4p%26rx_group%3D300081%26rx_id%3Dfa712804-3d9f-11f1-91d7-e3f3e7fede3f%26rx_job%3DR-0000166052%26rx_medium%3Dcpc%26rx_r%3Dnone%26rx_source%3Dindeed%26rx_ts%3D20260422T000405Z%26rx_vp%3Dcpc%26source%3DAPPLICANT_SOURCE_INDEEDORGANIC%26utm_medium%3Dcpc%26utm_source%3Dindeedorganic,indeed,Investment Management,credentials,False,,fulltime
Transfers Administrator,,"Vancouver, BC, CA",N/A,,,,,Apply on Company Site,2026-04-21,https://ca.indeed.com/viewjob?jk=91686aa038018c40,https://apply.workable.com/j/4873B6A258,indeed,Investment Management,credentials,False,,fulltime
"Manager, Brand & Experience Contract (426)",,"Richmond, BC, CA",N/A,,,,,Apply on Company Site,2026-04-21,https://ca.indeed.com/viewjob?jk=f1e64810069b4991,https://jobs.lever.co/trailappliances/ed2531fe-2cfd-4dd0-abb9-dd4e27eeb9c1?lever-source=Indeed,indeed,Investment Management,credentials,False,Retail,contract
"VP, Finance",,"Vancouver, BC, CA",N/A,,,,,Apply on Company Site,2026-04-21,https://ca.indeed.com/viewjob?jk=23866057321bacb7,https://apply.workable.com/j/4AB865256A,indeed,Investment Management,credentials,False,,fulltime
Maintenance Technician (Live-In),,"New Westminster, BC, CA",N/A,,,,,Apply on Company Site,2026-04-21,https://ca.indeed.com/viewjob?jk=4449f224a70646fa,https://recruiting.ultipro.ca/BEN5000BENTK/JobBoard/6f7f3dc0-d599-4e78-9ee5-fa1703eb67ac/OpportunityDetail?opportunityId=943130ba-fda1-4503-a319-8e7fd12db84a&postingId=4189022f-acb2-4c4c-b3de-7e47530ac7af,indeed,Investment Management,credentials,False,,
"Director, Information Security",,"Metro Vancouver Regional District, BC, CA",N/A,,,,,Apply on Company Site,2026-04-21,https://ca.indeed.com/viewjob?jk=5a7fef73c9943b37,https://careers.fnha.ca/psc/careers/EMPLOYEE/FNHAEXTAPP/c/HRS_HRAM_FL.HRS_CG_SEARCH_FL.GBL?Page=HRS_APP_JBPST_FL&Action=U&FOCUS=Applicant&SiteId=2&JobOpeningId=507969&PostingSeq=1,indeed,Chief Information Officer CIO,c_suite,False,,fulltime
Payroll Consultant,,"Vancouver, BC, CA",N/A,,,,,Apply on Company Site,2026-04-21,https://ca.indeed.com/viewjob?jk=42ddd8ed924f70da,https://jobs.dayforcehcm.com/en-US/bcspca/CANDIDATEPORTAL/jobs/14896,indeed,Chief AI Officer,c_suite,False,Organization,fulltime
Property Representative 1 (Indigenous Land Services),,"Vancouver, BC, CA",N/A,,,,,Apply on Company Site,2026-04-21,https://ca.indeed.com/viewjob?jk=2605f5127f52404e,https://app.bchydro.com/sap/bc/webdynpro/sap/hrrcf_a_posting_apply?PARAM=cG9zdF9pbnN0X2d1aWQ9M0ExODRDMTRBMTBCMUZEMThGQjg0RkQ4RUUzMkMwMTkmY2FuZF90eXBlPUVYVA%3d%3d&sap-theme=sap_belize&sap-client=100&sap-language=EN&sap-accessibility=X&saml2=disabled&sap-theme=sap_belize&sap-wd-configid=ZHRRCF_A_UNREG_JOB_SEARCH,indeed,Portfolio Manager,trading_investment,False,Energy And Utilities,fulltime
Accounts Payable and Payroll Officer,,"Burnaby, BC, CA",N/A,,,,,Apply on Company Site,2026-04-21,https://ca.indeed.com/viewjob?jk=ed9024d61acece06,https://navitas.bamboohr.com/careers/150?source=indeed&src=indeed&postedDate=2026-04-21,indeed,Portfolio Manager,trading_investment,False,,
"Manager, Administration",,"Burnaby, BC, CA",N/A,,,,,Apply on Company Site,2026-04-21,https://ca.indeed.com/viewjob?jk=5bc5cae2dedf839a,https://tre.tbe.taleo.net/tre01/ats/careers/v2/viewRequisition?org=SIMOFRAS&cws=37&rid=7046,indeed,Portfolio Manager,trading_investment,False,Education And Schools,fulltime
Program Resource Centre Coordinator,,"Vancouver, BC, CA",N/A,,,,,Apply on Company Site,2026-04-21,https://ca.indeed.com/viewjob?jk=f9c70c1bb7814e85,https://ubc.wd10.myworkdayjobs.com/en-US/ubcstaffjobs/job/UBC-Vancouver-Campus---Vancouver-BC-Canada/Program-Resource-Centre-Coordinator_JR24244,indeed,Portfolio Manager,trading_investment,False,Education And Schools,fulltime
Program Resource Centre Coordinator,,"Vancouver, BC, CA",N/A,,,,,Apply on Company Site,2026-04-21,https://ca.indeed.com/viewjob?jk=f428e8228aca2f4f,https://ubc.wd10.myworkdayjobs.com/en-US/ubcstaffjobs/job/UBC-Vancouver-Campus---Vancouver-BC-Canada/Program-Resource-Centre-Coordinator_JR24244,indeed,Portfolio Manager,trading_investment,False,Education And Schools,fulltime
"Senior Manager, Finance Advisory Services",,"Vancouver, BC, CA",N/A,,,,,Apply on Company Site,2026-04-21,https://ca.indeed.com/viewjob?jk=2bc7c9bd3bda5386,https://apply.workable.com/j/16CA368183,indeed,Portfolio Manager,trading_investment,False,,fulltime
Residential/Commercial Property Manager,,"Vancouver, BC, CA",N/A,,,,,Apply on Company Site,2026-04-21,https://ca.indeed.com/viewjob?jk=0bff3d68b62ba299,http://ca.indeed.com/job/residentialcommercial-property-manager-0bff3d68b62ba299,indeed,Portfolio Manager,trading_investment,False,,fulltime
Executive Director,,"Richmond, BC, CA",N/A,,,,,Apply on Company Site,2026-04-21,https://ca.indeed.com/viewjob?jk=f024e33bc88e1ef3,https://www.civicjobs.ca/jobs?id=112846&linktype=ind,indeed,President,trading_investment,False,Education And Schools,fulltime
Vice President of Paid Media (Remote Canada),,"Vancouver, BC, CA",N/A,,,,,Apply on Company Site,2026-04-21,https://ca.indeed.com/viewjob?jk=8281b6b554b4c2a5,https://jobs.ashbyhq.com/directive/92b1d630-e2d9-4458-9700-50cb31fcb5f9?utm_source=0MgkgOev1q,indeed,President,trading_investment,True,,fulltime
Senior Treasury Analyst,,"Burnaby, BC, CA",N/A,,,,,Apply on Company Site,2026-04-20,https://ca.indeed.com/viewjob?jk=2021b6567e95c82c,https://www.brainhunter.com/frontoffice/seekerViewJobDetailAction.do?sitecode=pl527&jobId=2447924&page=search,indeed,Financial Analyst,finance_analyst,True,Insurance,fulltime
"2026 Wealth Management, Fall Finance Analyst (4-16 months)",,"Vancouver, BC, CA",N/A,,,,,Apply on Company Site,2026-04-20,https://ca.indeed.com/viewjob?jk=3913c062cac13ca3,https://jsv3.recruitics.com/redirect?rx_cid=3618&rx_jobId=R-0000168557_1001&rx_url=https%3A%2F%2Fjobs.rbc.com%2Fca%2Fen%2Fjob%2FR-0000168557%3Frx_a%3D0%26rx_c%3D%26rx_ch%3Djobp4p%26rx_group%3D300081%26rx_id%3D3c5562e3-3cd7-11f1-863b-61158a94f702%26rx_job%3DR-0000168557_1001%26rx_medium%3Dcpc%26rx_r%3Dnone%26rx_source%3Dindeed%26rx_ts%3D20260422T000405Z%26rx_vp%3Dcpc%26source%3DAPPLICANT_SOURCE_INDEEDORGANIC%26utm_medium%3Dcpc%26utm_source%3Dindeedorganic,indeed,Financial Analyst,finance_analyst,False,,fulltime
SENIOR ACCOUNTANT – TEMPORARY POSITION,,"Vancouver, BC, CA",N/A,,,,,Apply on Company Site,2026-04-20,https://ca.indeed.com/viewjob?jk=291beb8cd0b5f03f,https://stranddev.bamboohr.com/careers/81?source=indeed&src=indeed&postedDate=2026-04-20,indeed,Investment Analyst,finance_analyst,False,,contract
Senior Development Analyst,,"Vancouver, BC, CA",N/A,,,,,Apply on Company Site,2026-04-20,https://ca.indeed.com/viewjob?jk=becb80e993e38ed8,https://jobs.dayforcehcm.com/en-US/gwlra/CANDIDATEPORTAL/jobs/3169,indeed,Investment Analyst,finance_analyst,False,Real Estate,fulltime
"2026 Wealth Management, Fall Technology/Developer (4-16 months)",,"Vancouver, BC, CA",N/A,,,,,Apply on Company Site,2026-04-20,https://ca.indeed.com/viewjob?jk=309d6bc132b5c461,https://jsv3.recruitics.com/redirect?rx_cid=3618&rx_jobId=R-0000168550_1001&rx_url=https%3A%2F%2Fjobs.rbc.com%2Fca%2Fen%2Fjob%2FR-0000168550%3Frx_a%3D0%26rx_c%3D%26rx_ch%3Djobp4p%26rx_group%3D300081%26rx_id%3D38551031-3cd7-11f1-863b-dbfbd4f428c9%26rx_job%3DR-0000168550_1001%26rx_medium%3Dcpc%26rx_r%3Dnone%26rx_source%3Dindeed%26rx_ts%3D20260422T000405Z%26rx_vp%3Dcpc%26source%3DAPPLICANT_SOURCE_INDEEDORGANIC%26utm_medium%3Dcpc%26utm_source%3Dindeedorganic,indeed,Investment Analyst,finance_analyst,False,,fulltime
"2026 Wealth Management, Fall Data Analyst (4-16 months)",,"Vancouver, BC, CA",N/A,,,,,Apply on Company Site,2026-04-20,https://ca.indeed.com/viewjob?jk=1c3d45c52595a252,https://jsv3.recruitics.com/redirect?rx_cid=3618&rx_jobId=R-0000168559_1001&rx_url=https%3A%2F%2Fjobs.rbc.com%2Fca%2Fen%2Fjob%2FR-0000168559%3Frx_a%3D0%26rx_c%3D%26rx_ch%3Djobp4p%26rx_group%3D300081%26rx_id%3D3c394f6f-3cd7-11f1-863b-fb5769fe2bb3%26rx_job%3DR-0000168559_1001%26rx_medium%3Dcpc%26rx_r%3Dnone%26rx_source%3Dindeed%26rx_ts%3D20260422T000405Z%26rx_vp%3Dcpc%26source%3DAPPLICANT_SOURCE_INDEEDORGANIC%26utm_medium%3Dcpc%26utm_source%3Dindeedorganic,indeed,Investment Analyst,finance_analyst,False,,fulltime
"2026 Wealth Management, Fall Business Analyst (4-16 months)",,"Vancouver, BC, CA",N/A,,,,,Apply on Company Site,2026-04-20,https://ca.indeed.com/viewjob?jk=07626c82db603923,https://jsv3.recruitics.com/redirect?rx_cid=3618&rx_jobId=R-0000168563_1001&rx_url=https%3A%2F%2Fjobs.rbc.com%2Fca%2Fen%2Fjob%2FR-0000168563%3Frx_a%3D0%26rx_c%3D%26rx_ch%3Djobp4p%26rx_group%3D300081%26rx_id%3D3d0021d5-3cd7-11f1-863b-27dbbc7c1dc0%26rx_job%3DR-0000168563_1001%26rx_medium%3Dcpc%26rx_r%3Dnone%26rx_source%3Dindeed%26rx_ts%3D20260422T000405Z%26rx_vp%3Dcpc%26source%3DAPPLICANT_SOURCE_INDEEDORGANIC%26utm_medium%3Dcpc%26utm_source%3Dindeedorganic,indeed,Investment Analyst,finance_analyst,False,,fulltime
Single Cell Genomics / Molecular Biologist,,"Vancouver, BC, CA",N/A,,,,,Apply on Company Site,2026-04-20,https://ca.indeed.com/viewjob?jk=333d6c5b01892e9a,https://ubc.wd10.myworkdayjobs.com/en-US/ubcstaffjobs/job/UBC-Hospital-Site---Vancouver-BC-Canada/Single-Cell-Genomics---Molecular-Biologist_JR24121,indeed,Quantitative Researcher,finance_analyst,False,Education And Schools,fulltime
Single Cell Genomics / Molecular Biologist,,"Vancouver, BC, CA",N/A,,,,,Apply on Company Site,2026-04-20,https://ca.indeed.com/viewjob?jk=0b83d5010bb8a737,https://ubc.wd10.myworkdayjobs.com/en-US/ubcstaffjobs/job/UBC-Hospital-Site---Vancouver-BC-Canada/Single-Cell-Genomics---Molecular-Biologist_JR24121,indeed,Quantitative Researcher,finance_analyst,False,Education And Schools,fulltime
"2026 Fall Student Opportunities RBC Borealis -Machine Learning Software Engineer, 4-8 Months",,"Vancouver, BC, CA",N/A,,,,,Apply on Company Site,2026-04-20,https://ca.indeed.com/viewjob?jk=464b89c3ccff0270,https://jsv3.recruitics.com/redirect?rx_cid=3618&rx_jobId=R-0000168679_1001&rx_url=https%3A%2F%2Fjobs.rbc.com%2Fca%2Fen%2Fjob%2FR-0000168679%3Frx_a%3D0%26rx_c%3D%26rx_ch%3Djobp4p%26rx_group%3D300081%26rx_id%3D38b4957b-3cd7-11f1-863b-0feb656f9bd4%26rx_job%3DR-0000168679_1001%26rx_medium%3Dcpc%26rx_r%3Dnone%26rx_source%3Dindeed%26rx_ts%3D20260422T000405Z%26rx_vp%3Dcpc%26source%3DAPPLICANT_SOURCE_INDEEDORGANIC%26utm_medium%3Dcpc%26utm_source%3Dindeedorganic,indeed,Data Scientist,data_science,False,,fulltime
"Manager, Finance, Corporate - 18 Month Contract",,"Vancouver, BC, CA",N/A,,,,,Apply on Company Site,2026-04-20,https://ca.indeed.com/viewjob?jk=02433aa8d62381e7,https://quadreal.wd10.myworkdayjobs.com/en-US/QuadReal/job/Vancouver/Manager--Finance--Corporate---18-Month-Contract_R0006613,indeed,Machine Learning Engineer,data_science,False,,fulltime
Account Executive,,"Vancouver, BC, CA",N/A,,,,,Apply on Company Site,2026-04-20,https://ca.indeed.com/viewjob?jk=f43453845584c5fa,https://jobs.ashbyhq.com/procurify/97067c18-9d53-4c6d-9485-09e70dfd3f5d?utm_source=y01BMlv0MB,indeed,Machine Learning Engineer,data_science,True,,fulltime
Demand Generation Specialist,,"Vancouver, BC, CA",N/A,,,,,Apply on Company Site,2026-04-20,https://ca.indeed.com/viewjob?jk=39ed118bb4741c1a,https://tractionrec.bamboohr.com/careers/147?source=indeed&src=indeed&postedDate=2026-04-20,indeed,Machine Learning Engineer,data_science,True,,fulltime
Sr. Associate Software Development Engineer - Big Data Services,,"Vancouver, BC, CA",N/A,,,,,Apply on Company Site,2026-04-20,https://ca.indeed.com/viewjob?jk=f32a893c95cb009e,https://workday.wd5.myworkdayjobs.com/en-US/Workday/job/Canada-BC-Vancouver/Software-Development-Engineer---Big-Data-Services_JR-0105963,indeed,Machine Learning Engineer,data_science,True,,fulltime
Architecte de solutions – Song - Service,,"Vancouver, BC, CA",N/A,,,,,Apply on Company Site,2026-04-20,https://ca.indeed.com/viewjob?jk=0b40fd6c291d704a,https://accenture.com/ca-fr/careers/jobdetails?id=R00323972_fr,indeed,Machine Learning Engineer,data_science,False,,fulltime
UI/UX Designer,,"Vancouver, BC, CA",N/A,,,,,Apply on Company Site,2026-04-20,https://ca.indeed.com/viewjob?jk=2616d54bd67a8e2f,https://grnh.se/m1q9zl2z9us,indeed,Machine Learning Engineer,data_science,False,,
"Software Development Manager, Draft",,"Vancouver, BC, CA",N/A,,,,,Apply on Company Site,2026-04-20,https://ca.indeed.com/viewjob?jk=fd9ea02e6be1c0f9,https://clio.wd3.myworkdayjobs.com/en-US/ClioCareerSite/job/Vancouver/Development-Manager_REQ-4673,indeed,Machine Learning Engineer,data_science,False,,fulltime
"Program Specialist, Learning and Development",,"Vancouver, BC, CA",N/A,,,,,Apply on Company Site,2026-04-20,https://ca.indeed.com/viewjob?jk=cda405299ce5b8c1,https://clio.wd3.myworkdayjobs.com/en-US/ClioCareerSite/job/Vancouver/Program-Specialist--Learning-and-Development_REQ-4851,indeed,Machine Learning Engineer,data_science,False,,fulltime
"Sr. Algorithm Engineer, AI",,"Vancouver, BC, CA",N/A,,,,,Apply on Company Site,2026-04-20,https://ca.indeed.com/viewjob?jk=f5714dd80b2b24a3,https://comm100.applytojobs.ca/rd/46980,indeed,Machine Learning Engineer,data_science,False,,fulltime
"Algorithm Engineer, AI",,"Vancouver, BC, CA",N/A,,,,,Apply on Company Site,2026-04-20,https://ca.indeed.com/viewjob?jk=25f0a3930097dd47,https://comm100.applytojobs.ca/rd/46979,indeed,Machine Learning Engineer,data_science,False,,fulltime
accountant,,"Richmond, BC, CA",N/A,,,,,Apply on Company Site,2026-04-20,https://ca.indeed.com/viewjob?jk=5b5af01ce6851e8d,https://www.jobbank.gc.ca/jobsearch/jobposting/49368030,indeed,Machine Learning Engineer,data_science,False,,fulltime
"Senior Manager, Audit and Accounting Products",,"Vancouver, BC, CA",N/A,,,,,Apply on Company Site,2026-04-20,https://ca.indeed.com/viewjob?jk=55a4691ee210425c,https://workforcenow.adp.com/mascsr/default/mdf/recruitment/recruitment.html?cid=03d17469-46f9-48c2-bd2a-739978a770c0&ccId=19000101_000001&jobId=553643&source=IN&lang=en_CA,indeed,Machine Learning Engineer,data_science,True,Organization,fulltime
Senior Cloud Platform Engineer,,"Vancouver, BC, CA",N/A,,,,,Apply on Company Site,2026-04-20,https://ca.indeed.com/viewjob?jk=c7194f3e7068d781,https://grnh.se/xjkfx61u7us,indeed,Machine Learning Engineer,data_science,False,,
"Director, AI Software Engineering",,"Vancouver, BC, CA",N/A,,,,,Apply on Company Site,2026-04-20,https://ca.indeed.com/viewjob?jk=47f1faa65a19add9,https://grnh.se/wiaqalv04us,indeed,Machine Learning Engineer,data_science,False,,
Staff Software Engineer - Check Out and Post Purchase Experiences,,"Vancouver, BC, CA",N/A,,,,,Apply on Company Site,2026-04-20,https://ca.indeed.com/viewjob?jk=0a8d36d68a1e8fd0,https://careers.lululemon.com/en_US/careers/JobDetail/Staff-Software-Engineer-Check-Out-and-Post-Purchase-Experiences/59455,indeed,Machine Learning Engineer,data_science,False,,fulltime
Product Documentation & Enablement Specialist,,"Vancouver, BC, CA",N/A,,,,,Apply on Company Site,2026-04-20,https://ca.indeed.com/viewjob?jk=d193780cc0957671,https://fispan.bamboohr.com/careers/443?source=indeed&src=indeed&postedDate=2026-04-20,indeed,Machine Learning Engineer,data_science,False,,fulltime
Staff Detection & Response Engineer,,"Vancouver, BC, CA",N/A,,,,,Apply on Company Site,2026-04-20,https://ca.indeed.com/viewjob?jk=39194da61b5c39be,https://www.okta.com/company/careers/security/staff-detection-response-engineer-7833771/,indeed,Machine Learning Engineer,data_science,False,,
Clinical Research Assistant,,"Vancouver, BC, CA",N/A,,,,,Apply on Company Site,2026-04-20,https://ca.indeed.com/viewjob?jk=12ffad64c5074d16,https://ubc.wd10.myworkdayjobs.com/en-US/ubcstaffjobs/job/UBC-Hospital-Site---Vancouver-BC-Canada/Clinical-Research-Assistant_JR24224,indeed,Research Scientist,data_science,False,Education And Schools,parttime
Clinical Research Assistant,,"Vancouver, BC, CA",N/A,,,,,Apply on Company Site,2026-04-20,https://ca.indeed.com/viewjob?jk=5695539b95e10ff8,https://ubc.wd10.myworkdayjobs.com/en-US/ubcstaffjobs/job/UBC-Hospital-Site---Vancouver-BC-Canada/Clinical-Research-Assistant_JR24224,indeed,Research Scientist,data_science,False,Education And Schools,parttime
Marketing Operations Specialist,,"Burnaby, BC, CA",N/A,,,,,Apply on Company Site,2026-04-20,https://ca.indeed.com/viewjob?jk=288275810bdb87df,https://jobs.stemcell.com/job/burnaby/marketing-operations-specialist/8172/94185698480,indeed,Research Scientist,data_science,False,,
"MANAGER, FINANCE",,"Vancouver, BC, CA",N/A,,,,,Apply on Company Site,2026-04-20,https://ca.indeed.com/viewjob?jk=c492889087594d06,https://stranddev.bamboohr.com/careers/80?source=indeed&src=indeed&postedDate=2026-04-20,indeed,CFA Investment,credentials,False,,fulltime
Research Assistant/Technician 4,,"Vancouver, BC, CA",N/A,,,,,Apply on Company Site,2026-04-20,https://ca.indeed.com/viewjob?jk=dc7b5d8b66c87095,https://ubc.wd10.myworkdayjobs.com/en-US/ubcstaffjobs/job/UBC-Vancouver-Campus---Vancouver-BC-Canada/Research-Assistant-Technician-4_JR24241,indeed,PhD Research,credentials,False,Education And Schools,fulltime
Research Assistant/Technician 4,,"Vancouver, BC, CA",N/A,,,,,Apply on Company Site,2026-04-20,https://ca.indeed.com/viewjob?jk=c3c7c52831fe526e,https://ubc.wd10.myworkdayjobs.com/en-US/ubcstaffjobs/job/UBC-Vancouver-Campus---Vancouver-BC-Canada/Research-Assistant-Technician-4_JR24241,indeed,PhD Research,credentials,False,Education And Schools,fulltime
Clinical Psychologist- HOLD Trial,,"Vancouver, BC, CA",N/A,,,,,Apply on Company Site,2026-04-20,https://ca.indeed.com/viewjob?jk=31181b68bf2967aa,https://ubc.wd10.myworkdayjobs.com/en-US/ubcstaffjobs/job/UBC-Hospital-Site---Vancouver-BC-Canada/Clinical-Psychologist--HOLD-Trial_JR24226,indeed,PhD Research,credentials,False,Education And Schools,fulltime
Clinical Psychologist- HOLD Trial,,"Vancouver, BC, CA",N/A,,,,,Apply on Company Site,2026-04-20,https://ca.indeed.com/viewjob?jk=eaaa9040c3603e45,https://ubc.wd10.myworkdayjobs.com/en-US/ubcstaffjobs/job/UBC-Hospital-Site---Vancouver-BC-Canada/Clinical-Psychologist--HOLD-Trial_JR24226,indeed,PhD Research,credentials,False,Education And Schools,fulltime
Mechanical Technician,,"Burnaby, BC, CA",N/A,,,,,Apply on Company Site,2026-04-20,https://ca.indeed.com/viewjob?jk=22209a4b508b333d,https://jll.wd1.myworkdayjobs.com/jllcareers/job/Burnaby-BC/Mechanical-Technician_REQ502084,indeed,Investment Management,credentials,False,Real Estate,
Financial Advisor - Burnaby Main Branch,,"Burnaby, BC, CA",N/A,,,,,Apply on Company Site,2026-04-20,https://ca.indeed.com/viewjob?jk=1e4d79b8b169f1a4,https://jobs.scotiabank.com/job/Burnaby-Financial-Advisor-Burnaby-Main-Branch-ON-V5H1Z5/601708017/,indeed,Investment Management,credentials,False,,
ASPIRE Commercial Banking - Real Estate Banking - Fall 2026 Co-op / Internship Vancouver,,"Vancouver, BC, CA",N/A,,,,,Apply on Company Site,2026-04-20,https://ca.indeed.com/viewjob?jk=51acdaa2d5212ddc,https://jobs.scotiabank.com/job/Vancouver-ASPIRE-Commercial-Banking-Real-Estate-Banking-Fall-2026-Co-op-Internship-Vancouver-BC/601719117/,indeed,Investment Management,credentials,False,,fulltime
Customer Experience Associate - Burnaby North (18.75 hours/weekly),,"Burnaby, BC, CA",N/A,,,,,Apply on Company Site,2026-04-20,https://ca.indeed.com/viewjob?jk=626858662d2661fc,https://jobs.scotiabank.com/job/Burnaby-Customer-Experience-Associate-Burnaby-North-%2818_75-hoursweekly%29-BC-V5B1S6/601718117/,indeed,Investment Management,credentials,False,,
Compliance Intern,,"Vancouver, BC, CA",N/A,,,,,Apply on Company Site,2026-04-20,https://ca.indeed.com/viewjob?jk=75cb3ef73a180970,https://raymondjames.taleo.net/careersection/1_ca/jobdetail.ftl?job=2600292&tz=GMT-05%3A00&tzname=America%2FChicago,indeed,Investment Management,credentials,False,Banks And Financial Services,fulltime
Banking Centre Leader III,,"Vancouver, BC, CA",N/A,,,,,Apply on Company Site,2026-04-20,https://ca.indeed.com/viewjob?jk=deb7dd2f38c87733,https://cibc.wd3.myworkdayjobs.com/en-US/search/job/Vancouver-BC/Banking-Centre-Leader-III_2609029,indeed,Investment Management,credentials,False,,fulltime
Personal Banker Trainee - Cantonese or Mandarin Language Skills an Asset,,"Vancouver, BC, CA",N/A,,,,,Apply on Company Site,2026-04-20,https://ca.indeed.com/viewjob?jk=35821d4fc2a0d206,https://td.wd3.myworkdayjobs.com/en-US/TD_Bank_Careers/job/Vancouver-British-Columbia/Personal-Banker-Trainee---Cantonese-or-Mandarin-Language-Skills-an-Asset_R_1484559-1,indeed,Investment Management,credentials,False,,fulltime
Personal Banker,,"Vancouver, BC, CA",N/A,,,,,Apply on Company Site,2026-04-20,https://ca.indeed.com/viewjob?jk=4a6d06bd89eaf33f,https://bmo.wd3.myworkdayjobs.com/en-CA/External/job/Vancouver-BC-CAN/Personal-Banker_R260011267-1,indeed,Investment Management,credentials,False,,fulltime
Personal Banker,,"Burnaby, BC, CA",N/A,,,,,Apply on Company Site,2026-04-20,https://ca.indeed.com/viewjob?jk=0e39eb4387efa38c,https://bmo.wd3.myworkdayjobs.com/en-CA/External/job/Burnaby-BC-CAN/Personal-Banker_R260011936,indeed,Investment Management,credentials,False,,fulltime
Leasing Agent,,"Coquitlam, BC, CA",N/A,,,,,Apply on Company Site,2026-04-20,https://ca.indeed.com/viewjob?jk=672481e66b58f553,https://jobs.dayforcehcm.com/en-US/realstar/CANDIDATEPORTAL/jobs/12450,indeed,Investment Management,credentials,False,Real Estate,parttime
Communication Systems Engineer – Voice and Radio,,"Burnaby, BC, CA",N/A,,,,,Apply on Company Site,2026-04-20,https://ca.indeed.com/viewjob?jk=95d4456db9b7b8dd,https://jobs.parsons.com/jobs/communication-systems-engineer-voice-and-radio-burnaby-r-179798-jobs--engineering--,indeed,Investment Management,credentials,False,Construction,
Commercial Account Manager,,"Vancouver, BC, CA",N/A,,,,,Apply on Company Site,2026-04-20,https://ca.indeed.com/viewjob?jk=226a7d0d0d9ce104,https://jobs.lever.co/sophos/cd592eb2-1a80-4b08-bd26-3719ba1ea2f2,indeed,Portfolio Manager,trading_investment,True,Internet And Software,
Account Manager,,"Vancouver, BC, CA",N/A,,,,,Apply on Company Site,2026-04-20,https://ca.indeed.com/viewjob?jk=4ea9d63f2ff5db1c,https://jobs.ashbyhq.com/pergolux/f9726401-8a3d-424d-b0e3-ba4bc1a5d092,indeed,Portfolio Manager,trading_investment,True,,fulltime
Account Manager,,"Vancouver, BC, CA",N/A,,,,,Apply on Company Site,2026-04-20,https://ca.indeed.com/viewjob?jk=a1a0fb178977cd5b,https://jobs.ashbyhq.com/pergolux/f9726401-8a3d-424d-b0e3-ba4bc1a5d092?utm_source=6P8JQ7LGNa,indeed,Portfolio Manager,trading_investment,True,,fulltime
Building Manager II Resident,,"Vancouver, BC, CA",N/A,,,,,Apply on Company Site,2026-04-20,https://ca.indeed.com/viewjob?jk=fcb07b4b0b183bcf,https://currentopportunities.bchousing.org/psc/hcm/EMPLOYEE/HRMS/c/HRS_HRAM_FL.HRS_CG_SEARCH_FL.GBL?Page=HRS_APP_JBPST_FL&Action=U&FOCUS=Applicant&SiteId=3&JobOpeningId=6722&PostingSeq=1,indeed,Portfolio Manager,trading_investment,False,,fulltime
"Manager, National Accounts",,"Vancouver, BC, CA",N/A,,,,,Apply on Company Site,2026-04-20,https://ca.indeed.com/viewjob?jk=63399b3133981c82,https://careers.molsoncoors.com/us/en/job/MQXMOLUS38243EXTERNALENUS/Manager-National-Accounts?utm_source=indeed&utm_medium=phenom-feeds,indeed,Portfolio Manager,trading_investment,False,Food And Beverages,
Global Accounting Manager,,"Vancouver, BC, CA",N/A,,,,,Apply on Company Site,2026-04-20,https://ca.indeed.com/viewjob?jk=d1b8db38c7de3f50,https://careers.equinoxgold.com/job/Global-Accounting-Manager/2267-en_US,indeed,Portfolio Manager,trading_investment,False,,
Associate Development Manager - EA SPORTS FC,,"Vancouver, BC, CA",N/A,,,,,Apply on Company Site,2026-04-20,https://ca.indeed.com/viewjob?jk=c034da59b1afc275,https://jobs.ea.com/en_US/careers/JobDetail/Associate-Development-Manager-EA-SPORTS-FC-Live-SGP/213073,indeed,Portfolio Manager,trading_investment,False,Internet And Software,fulltime
"2026 Wealth Management, Fall Administrative Assistant (4-16 months)",,"Vancouver, BC, CA",N/A,,,,,Apply on Company Site,2026-04-20,https://ca.indeed.com/viewjob?jk=41ad503b1f482318,https://jsv3.recruitics.com/redirect?rx_cid=3618&rx_jobId=R-0000168567&rx_url=https%3A%2F%2Fjobs.rbc.com%2Fca%2Fen%2Fjob%2FR-0000168567%3Frx_a%3D0%26rx_c%3D%26rx_ch%3Djobp4p%26rx_group%3D300081%26rx_id%3D3ceb3a83-3cd7-11f1-863b-41191942f74f%26rx_job%3DR-0000168567%26rx_medium%3Dcpc%26rx_r%3Dnone%26rx_source%3Dindeed%26rx_ts%3D20260422T000405Z%26rx_vp%3Dcpc%26source%3DAPPLICANT_SOURCE_INDEEDORGANIC%26utm_medium%3Dcpc%26utm_source%3Dindeedorganic,indeed,Investment Associate,trading_investment,False,,fulltime
"2026 Wealth Management, Fall Administrative Assistant (4-16 months)",,"Vancouver, BC, CA",N/A,,,,,Apply on Company Site,2026-04-20,https://ca.indeed.com/viewjob?jk=3e6455bd0631c3c1,https://jsv3.recruitics.com/redirect?rx_cid=3618&rx_jobId=R-0000168567_1003&rx_url=https%3A%2F%2Fjobs.rbc.com%2Fca%2Fen%2Fjob%2FR-0000168567%3Frx_a%3D0%26rx_c%3D%26rx_ch%3Djobp4p%26rx_group%3D300081%26rx_id%3Db923b3d7-3d3d-11f1-b568-698e1350b408%26rx_job%3DR-0000168567_1003%26rx_medium%3Dcpc%26rx_r%3Dnone%26rx_source%3Dindeed%26rx_ts%3D20260422T000405Z%26rx_vp%3Dcpc%26source%3DAPPLICANT_SOURCE_INDEEDORGANIC%26utm_medium%3Dcpc%26utm_source%3Dindeedorganic,indeed,Investment Associate,trading_investment,False,,fulltime
Customer Experience Associate,,"New Westminster, BC, CA",N/A,,,,,Apply on Company Site,2026-04-20,https://ca.indeed.com/viewjob?jk=cd3539e05c98fb22,https://td.wd3.myworkdayjobs.com/en-US/TD_Bank_Careers/job/New-Westminster-British-Columbia/Customer-Experience-Associate_R_1483713,indeed,Investment Associate,trading_investment,False,,parttime
Client Associate (IR Licensed) CIBC Wood Gundy,,"Vancouver, BC, CA",N/A,,,,,Apply on Company Site,2026-04-20,https://ca.indeed.com/viewjob?jk=616928b87abc5aba,https://cibc.wd3.myworkdayjobs.com/en-US/search/job/Vancouver-BC/Client-Associate--IR-Licensed--CIBC-Wood-Gundy_2608884,indeed,Investment Associate,trading_investment,False,,fulltime
"Director, Credit Structures",,"Vancouver, BC, CA",N/A,,,,,Apply on Company Site,2026-04-19,https://ca.indeed.com/viewjob?jk=dbeb3111ed38a278,https://jsv3.recruitics.com/redirect?rx_cid=3618&rx_jobId=R-0000168470&rx_url=https%3A%2F%2Fjobs.rbc.com%2Fca%2Fen%2Fjob%2FR-0000168470%3Frx_a%3D0%26rx_c%3D%26rx_ch%3Djobp4p%26rx_group%3D300081%26rx_id%3D38691e6b-3b88-11f1-918e-391d60a4d22c%26rx_job%3DR-0000168470%26rx_medium%3Dcpc%26rx_r%3Dnone%26rx_source%3Dindeed%26rx_ts%3D20260422T000405Z%26rx_vp%3Dcpc%26source%3DAPPLICANT_SOURCE_INDEEDORGANIC%26utm_medium%3Dcpc%26utm_source%3Dindeedorganic,indeed,Portfolio Manager,trading_investment,False,,fulltime
